date,ticker,adv
2016-06-01,AAPL,3950494386.371362
2016-06-02,AAPL,3953296217.14914
2016-06-03,AAPL,3922295751.6215205
2016-06-06,AAPL,3900684286.354727
2016-06-07,AAPL,3885904178.8657107
2016-06-08,AAPL,3874984812.138409
2016-06-09,AAPL,3863242629.8616476
2016-06-10,AAPL,3868502308.0106635
2016-06-13,AAPL,3886440673.2443147
2016-06-14,AAPL,3869326445.3160605
2016-06-15,AAPL,3850300489.8328223
2016-06-16,AAPL,3841001403.4934573
2016-06-17,AAPL,3858994733.469838
2016-06-20,AAPL,3851257497.969457
2016-06-21,AAPL,3850411726.5895205
2016-06-22,AAPL,3851427094.073584
2016-06-23,AAPL,3856772496.453584
2016-06-24,AAPL,3936014357.6038065
2016-06-27,AAPL,3950816866.2717423
2016-06-28,AAPL,3931598747.3296475
2016-06-29,AAPL,3941551075.691362
2016-06-30,AAPL,3950759514.119933
2016-07-01,AAPL,3924485158.329457
2016-07-05,AAPL,3919929722.679552
2016-07-06,AAPL,3920355628.7424088
2016-07-07,AAPL,3903849505.325266
2016-07-08,AAPL,3907545223.57352
2016-07-11,AAPL,3893285321.251933
2016-07-12,AAPL,3882917960.49733
2016-07-13,AAPL,3863585844.695298
2016-07-14,AAPL,3879288365.0655203
2016-07-15,AAPL,3844697571.5018377
2016-07-18,AAPL,3798761367.1620917
2016-07-19,AAPL,3781503365.9810762
2016-07-20,AAPL,3771142212.638854
2016-07-21,AAPL,3769683007.541965
2016-07-22,AAPL,3757521013.196886
2016-07-25,AAPL,3773160922.134981
2016-07-26,AAPL,3766679037.8010764
2016-07-27,AAPL,3739642567.613775
2016-07-28,AAPL,3681882396.089013
2016-07-29,AAPL,3625786069.2855844
2016-08-01,AAPL,3618451374.765712
2016-08-02,AAPL,3588672848.1946006
2016-08-03,AAPL,3578055234.819553
2016-08-04,AAPL,3570997748.673521
2016-08-05,AAPL,3575868006.086854
2016-08-08,AAPL,3575585654.285711
2016-08-09,AAPL,3571083840.929013
2016-08-10,AAPL,3570068862.011425
2016-08-11,AAPL,3507722649.423997
2016-08-12,AAPL,3475980628.190981
2016-08-15,AAPL,3429647066.7312984
2016-08-16,AAPL,3418698906.8742824
2016-08-17,AAPL,3399523668.8704734
2016-08-18,AAPL,3392070424.159997
2016-08-19,AAPL,3387701212.746664
2016-08-22,AAPL,3373980435.2226005
2016-08-23,AAPL,3356101573.6466007
2016-08-24,AAPL,3335595852.243934
2016-08-25,AAPL,3288649479.4184103
2016-08-26,AAPL,3277896406.5298395
2016-08-29,AAPL,3253174648.6834903
2016-08-30,AAPL,3249415545.967617
2016-08-31,AAPL,3237029166.993014
2016-09-01,AAPL,3237961045.0862837
2016-09-02,AAPL,3247329115.8622837
2016-09-06,AAPL,3258055551.708316
2016-09-07,AAPL,3298180702.5168867
2016-09-08,AAPL,3344877458.9408865
2016-09-09,AAPL,3371340992.384442
2016-09-12,AAPL,3388400592.112061
2016-09-13,AAPL,3445542763.5507913
2016-09-14,AAPL,3599443451.0340295
2016-09-15,AAPL,3717159569.9215856
2016-09-16,AAPL,3770569289.148379
2016-09-19,AAPL,3803399539.6179023
2016-09-20,AAPL,3811503291.9786644
2016-09-21,AAPL,3832078863.113966
2016-09-22,AAPL,3839434705.580315
2016-09-23,AAPL,3821672243.937585
2016-09-26,AAPL,3807077901.5477433
2016-09-27,AAPL,3791166489.5924416
2016-09-28,AAPL,3790041631.680061
2016-09-29,AAPL,3799563011.1181564
2016-09-30,AAPL,3825227268.283363
2016-10-03,AAPL,3822214880.1519346
2016-10-04,AAPL,3828621767.280823
2016-10-05,AAPL,3828833507.13403
2016-10-06,AAPL,3836492418.2158713
2016-10-07,AAPL,3843963691.9060297
2016-10-10,AAPL,3873340135.9763155
2016-10-11,AAPL,3951748817.1158075
2016-10-12,AAPL,3960725770.0516167
2016-10-13,AAPL,3978819036.4274898
2016-10-14,AAPL,3987558499.4127593
2016-10-17,AAPL,3993941209.0203786
2016-10-18,AAPL,3998031720.0112357
2016-10-19,AAPL,3983663840.66495
2016-10-20,AAPL,3984151772.117648
2016-10-21,AAPL,3964681791.305902
2016-10-24,AAPL,3922341408.502918
2016-10-25,AAPL,3861774155.3568854
2016-10-26,AAPL,3917084752.839235
2016-10-27,AAPL,3934014764.783616
2016-10-28,AAPL,3938110031.749203
2016-10-31,AAPL,3929641852.0355525
2016-11-01,AAPL,3956480809.6797433
2016-11-02,AAPL,3960604356.948442
2016-11-03,AAPL,3938370613.5436163
2016-11-04,AAPL,3943415838.109331
2016-11-07,AAPL,3955026544.4958706
2016-11-08,AAPL,3956625760.047299
2016-11-09,AAPL,4013689525.2232985
2016-11-10,AAPL,4079403187.0225363
2016-11-11,AAPL,4093216514.4291396
2016-11-14,AAPL,4120410537.517902
2016-11-15,AAPL,4131305893.682346
2016-11-16,AAPL,4195967162.4203777
2016-11-17,AAPL,4200156712.260631
2016-11-18,AAPL,4205348486.9790435
2016-11-21,AAPL,4220522047.164123
2016-11-22,AAPL,4226002687.6499643
2016-11-23,AAPL,4231593404.0395513
2016-11-25,AAPL,4204824977.2567573
2016-11-28,AAPL,4210644832.0082493
2016-11-29,AAPL,4219283503.5161858
2016-11-30,AAPL,4232767177.7631702
2016-12-01,AAPL,4251983993.5380907
2016-12-02,AAPL,4252427570.155551
2016-12-05,AAPL,4265920646.3399954
2016-12-06,AAPL,4238772151.986726
2016-12-07,AAPL,4202868088.2484403
2016-12-08,AAPL,4174829531.8034883
2016-12-09,AAPL,4161251412.4876785
2016-12-12,AAPL,4102143045.046726
2016-12-13,AAPL,3982802688.8442497
2016-12-14,AAPL,3878803883.372123
2016-12-15,AAPL,3818611325.815932
2016-12-16,AAPL,3815475369.3561225
2016-12-19,AAPL,3804689264.5454564
2016-12-20,AAPL,3779571849.566091
2016-12-21,AAPL,3767228313.833075
2016-12-22,AAPL,3721490703.776885
2016-12-23,AAPL,3694327009.534345
2016-12-27,AAPL,3684209355.2390437
2016-12-28,AAPL,3669341276.381901
2016-12-29,AAPL,3633306206.4407578
2016-12-30,AAPL,3624257254.6504717
2017-01-03,AAPL,3638561844.3057094
2017-01-04,AAPL,3624115200.8663445
2017-01-05,AAPL,3626698073.685773
2017-01-06,AAPL,3634096002.400122
2017-01-09,AAPL,3653384019.2262177
2017-01-10,AAPL,3632884269.204313
2017-01-11,AAPL,3567103569.014408
2017-01-12,AAPL,3548367891.567742
2017-01-13,AAPL,3532360885.790599
2017-01-17,AAPL,3531393984.7914243
2017-01-18,AAPL,3532476706.846345
2017-01-19,AAPL,3535362350.6919956
2017-01-20,AAPL,3560208309.2748528
2017-01-23,AAPL,3557408688.83644
2017-01-24,AAPL,3558683562.92825
2017-01-25,AAPL,3577767558.9511704
2017-01-26,AAPL,3538406559.855932
2017-01-27,AAPL,3456868551.983551
2017-01-30,AAPL,3452711282.5118685
2017-01-31,AAPL,3479136899.9074874
2017-02-01,AAPL,3660385144.6878047
2017-02-02,AAPL,3651604421.170281
2017-02-03,AAPL,3651633156.76317
2017-02-06,AAPL,3660200584.281519
2017-02-07,AAPL,3686646587.7883754
2017-02-08,AAPL,3677798543.1356773
2017-02-09,AAPL,3694630594.07282
2017-02-10,AAPL,3632560330.63282
2017-02-13,AAPL,3583539675.883233
2017-02-14,AAPL,3595982747.018534
2017-02-15,AAPL,3586737586.0338993
2017-02-16,AAPL,3580402615.793265
2017-02-17,AAPL,3525497662.8266616
2017-02-21,AAPL,3530448999.8321223
2017-02-22,AAPL,3526133234.9966307
2017-02-23,AAPL,3519283450.2979
2017-02-24,AAPL,3520442837.677265
2017-02-27,AAPL,3516049142.433202
2017-02-28,AAPL,3546748312.0347257
2017-03-01,AAPL,3579388688.4257736
2017-03-02,AAPL,3586729384.6422815
2017-03-03,AAPL,3571150948.756885
2017-03-06,AAPL,3554803088.1902814
2017-03-07,AAPL,3547163095.9226627
2017-03-08,AAPL,3528992046.615996
2017-03-09,AAPL,3532045020.0905356
2017-03-10,AAPL,3522491168.7116785
2017-03-13,AAPL,3512811857.8621545
2017-03-14,AAPL,3484360896.125266
2017-03-15,AAPL,3494209303.457647
2017-03-16,AAPL,3457195035.412504
2017-03-17,AAPL,3492488421.215552
2017-03-20,AAPL,3455327532.4758697
2017-03-21,AAPL,3461431510.0372663
2017-03-22,AAPL,3468049805.840123
2017-03-23,AAPL,3473788031.716949
2017-03-24,AAPL,3479592074.3426633
2017-03-27,AAPL,3484158472.903806
2017-03-28,AAPL,3533983029.7819014
2017-03-29,AAPL,3566703142.4374576
2017-03-30,AAPL,3576408384.4206953
2017-03-31,AAPL,3593376632.8453307
2017-04-03,AAPL,3582732916.805648
2017-04-04,AAPL,3575377994.866092
2017-04-05,AAPL,3599851034.7829175
2017-04-06,AAPL,3606998978.1407585
2017-04-07,AAPL,3585475684.941076
2017-04-10,AAPL,3565113581.973965
2017-04-11,AAPL,3587160316.79333
2017-04-12,AAPL,3580522869.3499017
2017-04-13,AAPL,3569155678.2756157
2017-04-17,AAPL,3557147825.3595524
2017-04-18,AAPL,3524489286.5151076
2017-04-19,AAPL,3518020794.9362507
2017-04-20,AAPL,3522077856.7664094
2017-04-21,AAPL,3499102238.1698375
2017-04-24,AAPL,3496099668.3749166
2017-04-25,AAPL,3495194175.9264727
2017-04-26,AAPL,3477858648.9683776
2017-04-27,AAPL,3459395946.190536
2017-04-28,AAPL,3467156898.5830445
2017-05-01,AAPL,3486692842.2347274
2017-05-02,AAPL,3498111403.0916796
2017-05-03,AAPL,3375919465.789458
2017-05-04,AAPL,3361504554.6982193
2017-05-05,AAPL,3375906705.5382195
2017-05-08,AAPL,3438792538.2714257
2017-05-09,AAPL,3454718980.885458
2017-05-10,AAPL,3469282833.092442
2017-05-11,AAPL,3476295108.3337755
2017-05-12,AAPL,3514809696.313776
2017-05-15,AAPL,3530355220.981268
2017-05-16,AAPL,3508620175.7153
2017-05-17,AAPL,3553076209.3669825
2017-05-18,AAPL,3585835122.1317444
2017-05-19,AAPL,3603515739.821268
2017-05-22,AAPL,3606476364.286411
2017-05-23,AAPL,3609754601.4199977
2017-05-24,AAPL,3611481783.3788548
2017-05-25,AAPL,3611225145.7495847
2017-05-26,AAPL,3620660992.0640607
2017-05-30,AAPL,3618690975.9108543
2017-05-31,AAPL,3597180464.8737116
2017-06-01,AAPL,3579251891.273711
2017-06-02,AAPL,3599913650.1933937
2017-06-05,AAPL,3613702575.0191717
2017-06-06,AAPL,3640338435.5494576
2017-06-07,AAPL,3651026171.8936477
2017-06-08,AAPL,3654536059.4634256
2017-06-09,AAPL,3764651823.093901
2017-06-12,AAPL,3893061805.985965
2017-06-13,AAPL,3938784716.318663
2017-06-14,AAPL,3954156256.9707265
2017-06-15,AAPL,3984876352.2850122
2017-06-16,AAPL,4001089546.2994885
2017-06-19,AAPL,4028308155.28171
2017-06-20,AAPL,3997877153.5595512
2017-06-21,AAPL,3989066567.7749805
2017-06-22,AAPL,3987720705.008504
2017-06-23,AAPL,4020012162.8275514
2017-06-26,AAPL,4026761382.4831066
2017-06-27,AAPL,4007073765.1918054
2017-06-28,AAPL,3991414541.522345
2017-06-29,AAPL,4014802271.67117
2017-06-30,AAPL,4022601305.123234
2017-07-03,AAPL,4009492082.0787897
2017-07-05,AAPL,4013115725.0304723
2017-07-06,AAPL,4004416160.9704084
2017-07-07,AAPL,4000134138.934218
2017-07-10,AAPL,4010794013.6094565
2017-07-11,AAPL,4013464387.8166943
2017-07-12,AAPL,4002735714.159425
2017-07-13,AAPL,4016039392.6825356
2017-07-14,AAPL,4023762083.185393
2017-07-17,AAPL,4042915697.8385987
2017-07-18,AAPL,4052541969.117329
2017-07-19,AAPL,4064002778.377329
2017-07-20,AAPL,4052427963.504948
2017-07-21,AAPL,4075931965.837393
2017-07-24,AAPL,4088794019.9700913
2017-07-25,AAPL,4091210111.893075
2017-07-26,AAPL,4083943750.521329
2017-07-27,AAPL,4129041902.2083764
2017-07-28,AAPL,4122324584.36844
2017-07-31,AAPL,4090993228.889393
2017-08-01,AAPL,4069045998.5241227
2017-08-02,AAPL,4136818426.0155516
2017-08-03,AAPL,4149369933.8921227
2017-08-04,AAPL,4135791778.6314244
2017-08-07,AAPL,4072518131.176631
2017-08-08,AAPL,4068868559.312885
2017-08-09,AAPL,4072896557.1839952
2017-08-10,AAPL,4106894303.4280586
2017-08-11,AAPL,4091933987.942026
2017-08-14,AAPL,4083784171.055233
2017-08-15,AAPL,4109890931.7138996
2017-08-16,AAPL,4059505938.9094553
2017-08-17,AAPL,4048239305.1761217
2017-08-18,AAPL,4051307601.306598
2017-08-21,AAPL,4060971116.5039315
2017-08-22,AAPL,4067137120.1785345
2017-08-23,AAPL,4069619658.3375826
2017-08-24,AAPL,4072743130.912821
2017-08-25,AAPL,4083931935.616567
2017-08-28,AAPL,4101389405.893202
2017-08-29,AAPL,4118427198.9351068
2017-08-30,AAPL,4149247100.6397414
2017-08-31,AAPL,4150451126.650535
2017-09-01,AAPL,4131759725.1214557
2017-09-05,AAPL,4142475268.014662
2017-09-06,AAPL,4146157084.8325033
2017-09-07,AAPL,4150006077.6722493
2017-09-08,AAPL,4068615162.3408213
2017-09-11,AAPL,3982668605.966218
2017-09-12,AAPL,4086280360.349075
2017-09-13,AAPL,4127430778.7816467
2017-09-14,AAPL,4113458937.7069798
2017-09-15,AAPL,4124371146.349266
2017-09-18,AAPL,4119979807.479742
2017-09-19,AAPL,4115099175.900568
2017-09-20,AAPL,4197034665.5335836
2017-09-21,AAPL,4244200177.832568
2017-09-22,AAPL,4274371752.808187
2017-09-25,AAPL,4320977183.418536
2017-09-26,AAPL,4353598488.524123
2017-09-27,AAPL,4364918182.14844
2017-09-28,AAPL,4346619244.817647
2017-09-29,AAPL,4358323924.61225
2017-10-02,AAPL,4371499166.448821
2017-10-03,AAPL,4361963532.407489
2017-10-04,AAPL,4356421938.005964
2017-10-05,AAPL,4364973358.025203
2017-10-06,AAPL,4359322343.727426
2017-10-09,AAPL,4353854466.958663
2017-10-10,AAPL,4334934286.940885
2017-10-11,AAPL,4317836667.993647
2017-10-12,AAPL,4310138668.827932
2017-10-13,AAPL,4294507035.226917
2017-10-16,AAPL,4313154486.6935835
2017-10-17,AAPL,4311387311.238346
2017-10-18,AAPL,4311760507.5291395
2017-10-19,AAPL,4354573888.438981
2017-10-20,AAPL,4362146437.170282
2017-10-23,AAPL,4370932132.491807
2017-10-24,AAPL,4376772070.468632
2017-10-25,AAPL,4351808935.314093
2017-10-26,AAPL,4353437009.930791
2017-10-27,AAPL,4421638529.082537
2017-10-30,AAPL,4455692128.896824
2017-10-31,AAPL,4377969701.16857
2017-11-01,AAPL,4400164410.3833
2017-11-02,AAPL,4459583594.30711
2017-11-03,AAPL,4567091442.384062
2017-11-06,AAPL,4571973411.295681
2017-11-07,AAPL,4572766041.359491
2017-11-08,AAPL,4539047987.629333
2017-11-09,AAPL,4554892556.038221
2017-11-10,AAPL,4568477308.571047
2017-11-13,AAPL,4539790257.685967
2017-11-14,AAPL,4536497253.152698
2017-11-15,AAPL,4544740886.243173
2017-11-16,AAPL,4540367118.701903
2017-11-17,AAPL,4533713185.158284
2017-11-20,AAPL,4522797473.249713
2017-11-21,AAPL,4542603305.59765
2017-11-22,AAPL,4563562664.4913645
2017-11-24,AAPL,4537863871.638729
2017-11-27,AAPL,4528561584.763935
2017-11-28,AAPL,4524838396.3553
2017-11-29,AAPL,4566222259.267808
2017-11-30,AAPL,4609771681.725966
2017-12-01,AAPL,4674519469.540634
2017-12-04,AAPL,4686240917.157777
2017-12-05,AAPL,4704242384.957015
2017-12-06,AAPL,4724729341.266221
2017-12-07,AAPL,4721688292.640507
2017-12-08,AAPL,4703520408.639427
2017-12-11,AAPL,4617087519.42438
2017-12-12,AAPL,4556182992.323237
2017-12-13,AAPL,4561617915.336952
2017-12-14,AAPL,4492951682.372825
2017-12-15,AAPL,4532677385.350539
2017-12-18,AAPL,4562633622.426476
2017-12-19,AAPL,4507470828.499936
2017-12-20,AAPL,4481107237.934603
2017-12-21,AAPL,4426845592.740699
2017-12-22,AAPL,4366189740.138794
2017-12-26,AAPL,4366924203.839556
2017-12-27,AAPL,4362704032.665651
2017-12-28,AAPL,4353917274.722158
2017-12-29,AAPL,4359418672.86527
2018-01-02,AAPL,4383643417.391238
2018-01-03,AAPL,4424541084.793333
2018-01-04,AAPL,4437035860.001333
2018-01-05,AAPL,4450262222.74146
2018-01-08,AAPL,4464271033.998095
2018-01-09,AAPL,4483768929.945459
2018-01-10,AAPL,4511407496.567048
2018-01-11,AAPL,4521335556.659745
2018-01-12,AAPL,4552856670.935301
2018-01-16,AAPL,4594688555.181968
2018-01-17,AAPL,4631230532.671492
2018-01-18,AAPL,4671599827.192444
2018-01-19,AAPL,4721927462.3699045
2018-01-22,AAPL,4692656594.343238
2018-01-23,AAPL,4725057834.772572
2018-01-24,AAPL,4811887682.4053335
2018-01-25,AAPL,4880402763.348952
2018-01-26,AAPL,4934313552.977588
2018-01-29,AAPL,5026846136.587238
2018-01-30,AAPL,5033833972.408826
2018-01-31,AAPL,5001857773.994858
2018-02-01,AAPL,5030921673.006603
2018-02-02,AAPL,5162422785.512064
2018-02-05,AAPL,5232649357.941397
2018-02-06,AMZN,5262774544.856713
2018-02-07,AMZN,5363709816.013856
2018-02-08,AMZN,5499664783.179093
2018-02-09,AMZN,5754782564.705443
2018-02-12,AMZN,5836288011.443539
2018-02-13,AMZN,5930219867.337824
2018-02-14,AMZN,6015167430.096871
2018-02-15,AMZN,6089692169.335601
2018-02-16,AMZN,6122278745.080997
2018-02-20,AMZN,6233801799.944807
2018-02-21,AMZN,6338913059.492108
2018-02-22,AMZN,6414765500.307505
2018-02-23,AMZN,6475113221.140362
2018-02-26,AMZN,6529570039.4724245
2018-02-27,AMZN,6578562929.797503
2018-02-28,AMZN,6558944123.511789
2018-03-01,AMZN,6634593582.513376
2018-03-02,AMZN,6620824089.350837
2018-03-05,AMZN,6663177480.902266
2018-03-06,AMZN,6698739375.420043
2018-03-07,AMZN,6694335010.670043
2018-03-08,AMZN,6715555488.586234
2018-03-09,AMZN,6777000937.632266
2018-03-12,AMZN,6862040850.485916
2018-03-13,AMZN,6970447743.320202
2018-03-14,AMZN,7034163028.30179
2018-03-15,AMZN,7095029317.7456
2018-03-16,AMZN,7182015572.370361
2018-03-19,AMZN,7283481531.906235
2018-03-20,AMZN,7309418679.23544
2018-03-21,AMZN,7373000762.434806
2018-03-22,AMZN,7479223828.878614
2018-03-23,AMZN,7624956689.331948
2018-03-26,AMZN,7724275622.904647
2018-03-27,AMZN,7861210287.938138
2018-03-28,AMZN,8135153795.970202
2018-03-29,AMZN,8389147991.812425
2018-04-02,AMZN,8582347234.103377
2018-04-03,AMZN,8758511774.449884
2018-04-04,AMZN,8863991927.67068
2018-04-05,AMZN,8952359079.617506
2018-04-06,AMZN,9025540593.436552
2018-04-09,AMZN,9050303909.015282
2018-04-10,AMZN,9063181360.164965
2018-04-11,AMZN,9071529346.902267
2018-04-12,AMZN,9090131488.265602
2018-04-13,AMZN,9110499057.952745
2018-04-16,AMZN,9061982789.698776
2018-04-17,AMZN,9034509595.359571
2018-04-18,AMZN,9053290324.257349
2018-04-19,AMZN,9131842191.760206
2018-04-20,AMZN,9172119827.536396
2018-04-23,AMZN,9192480845.103539
2018-04-24,AMZN,9254378446.14592
2018-04-25,AMZN,9260368482.45116
2018-04-26,AMZN,9368468583.856874
2018-04-27,AMZN,9586208208.871477
2018-04-30,AMZN,9593732029.258938
2018-05-01,AMZN,9574548051.703701
2018-05-02,AMZN,9535225996.08259
2018-05-03,AMZN,9440244417.627985
2018-05-04,AMZN,9274131418.814493
2018-05-07,AMZN,9117075404.682747
2018-05-08,AMZN,8941166232.970842
2018-05-09,AMZN,8872924223.796556
2018-05-10,AMZN,8760990274.867987
2018-05-11,AMZN,8517892535.163223
2018-05-14,AMZN,8433405409.174335
2018-05-15,AMZN,8427560887.134811
2018-05-16,AMZN,8355070526.892112
2018-05-17,AMZN,8277833287.06989
2018-05-18,AMZN,8241024497.084494
2018-05-21,AMZN,8163162618.501954
2018-05-22,AMZN,8067874099.9254465
2018-05-23,AMZN,8038817036.7937
2018-05-24,AMZN,8020901727.638938
2018-05-25,AMZN,7970164978.010367
2018-05-29,AMZN,7953229965.669256
2018-05-30,AMZN,7919823438.357828
2018-05-31,AMZN,7839693921.708621
2018-06-01,AMZN,7769155209.357828
2018-06-04,AMZN,7726837250.822114
2018-06-05,AMZN,7744265280.797193
2018-06-06,AMZN,7789220533.332907
2018-06-07,AMZN,7795048110.082112
2018-06-08,AMZN,7760401978.437669
2018-06-11,AMZN,7691743337.386717
2018-06-12,AMZN,7587997642.857986
2018-06-13,AMZN,7570476964.73005
2018-06-14,AMZN,7555122643.390051
2018-06-15,AMZN,7549914934.603702
2018-06-18,AMZN,7473570041.997353
2018-06-19,AMZN,7476327275.673225
2018-06-20,AMZN,7477395946.200527
2018-06-21,AMZN,7458102730.988464
2018-06-22,AMZN,7379024402.093226
2018-06-25,AMZN,7438405352.655132
2018-06-26,AMZN,7389823010.418625
2018-06-27,AMZN,7206843226.64672
2018-06-28,AMZN,7040143201.200053
2018-06-29,AMZN,6934858927.080529
2018-07-02,AMZN,6795305654.379578
2018-07-03,AMZN,6697514995.4765625
2018-07-05,AMZN,6630209320.191642
2018-07-06,AMZN,6570966362.746404
2018-07-09,AMZN,6560185935.433389
2018-07-10,AMZN,6545694589.444023
2018-07-11,AMZN,6553959886.147991
2018-07-12,AMZN,6611142903.912435
2018-07-13,AMZN,6653687942.903546
2018-07-16,AMZN,6747552295.753546
2018-07-17,AMZN,6791800583.036721
2018-07-18,AMZN,6807250096.614499
2018-07-19,AMZN,6780619908.95196
2018-07-20,AMZN,6758292306.815769
2018-07-23,AMZN,6761929133.027832
2018-07-24,AMZN,6712466850.450213
2018-07-25,AMZN,6673274236.20942
2018-07-26,AMZN,6746028894.844975
2018-07-27,AMZN,6699443632.948309
2018-07-30,AMZN,6748941177.846246
2018-07-31,AMZN,6796020748.866245
2018-08-01,AMZN,6805855450.7024355
2018-08-02,AMZN,6826547011.359102
2018-08-03,AMZN,6840282949.352434
2018-08-06,AMZN,6843199526.877037
2018-08-07,AMZN,6865502774.574339
2018-08-08,AMZN,6891336571.635292
2018-08-09,AMZN,6965844743.071482
2018-08-10,AMZN,7017228335.946085
2018-08-13,AMZN,7119922708.821958
2018-08-14,AMZN,7114355516.45926
2018-08-15,AMZN,7279708539.041483
2018-08-16,AMZN,7344282065.394498
2018-08-17,AMZN,7400866042.758307
2018-08-20,AMZN,7412506216.794181
2018-08-21,AMZN,7452244734.3548155
2018-08-22,AMZN,7459906568.552911
2018-08-23,AMZN,7480248425.188624
2018-08-24,AMZN,7495992990.13418
2018-08-27,AMZN,7506724639.105132
2018-08-28,AMZN,7526867684.2544985
2018-08-29,AMZN,7652124778.849736
2018-08-30,AMZN,7797089538.512592
2018-08-31,AMZN,7847149075.820371
2018-09-04,AMZN,7903593209.637513
2018-09-05,AMZN,8016567312.3608465
2018-09-06,AMZN,8148373373.975133
2018-09-07,AMZN,8220982991.945132
2018-09-10,AMZN,8298245849.456719
2018-09-11,AMZN,8396099280.893228
2018-09-12,AMZN,8445478848.973545
2018-09-13,AMZN,8473004072.015925
2018-09-14,AMZN,8456769054.223545
2018-09-17,AMZN,8585259264.6930685
2018-09-18,AMZN,8598645972.820688
2018-09-19,AMZN,8602340610.59783
2018-09-20,AMZN,8564005135.734973
2018-09-21,AMZN,8661426488.685766
2018-09-24,AMZN,8592515715.141005
2018-09-25,AMZN,8617010977.271162
2018-09-26,AMZN,8623806152.249577
2018-09-27,AMZN,8639804873.363544
2018-09-28,AMZN,8647098056.007988
2018-10-01,AMZN,8670926456.613703
2018-10-02,AMZN,8781376171.823704
2018-10-03,AMZN,8863719386.605608
2018-10-04,AMZN,9011703381.853228
2018-10-05,AMZN,9133193903.183228
2018-10-08,AMZN,9268904291.456718
2018-10-09,AMZN,9321183963.315767
2018-10-10,AMZN,9498081915.856878
2018-10-11,AMZN,9752170808.786243
2018-10-12,AMZN,9862180285.429417
2018-10-15,AMZN,9875778470.533703
2018-10-16,AMZN,9902837195.253069
2018-10-17,AMZN,9922205116.339893
2018-10-18,AMZN,9975269674.628784
2018-10-19,AMZN,10029453018.07926
2018-10-22,AMZN,10033025487.58688
2018-10-23,AMZN,10108313684.110212
2018-10-24,AMZN,10006519274.913385
2018-10-25,AMZN,10018233948.853228
2018-10-26,AMZN,10223104418.386719
2018-10-29,AMZN,10399898236.466719
2018-10-30,AMZN,10584110066.27307
2018-10-31,AMZN,10695502591.37434
2018-11-01,AMZN,10810431368.016245
2018-11-02,AMZN,10894835006.376402
2018-11-05,AMZN,10940318414.27418
2018-11-06,AMZN,10932663037.307356
2018-11-07,AMZN,11014470459.81815
2018-11-08,AMZN,11087519783.500055
2018-11-09,AMZN,11081461013.293388
2018-11-12,AMZN,11136839443.631485
2018-11-13,AMZN,11060342867.60339
2018-11-14,AMZN,11106493250.954342
2018-11-15,AMZN,11200499141.196882
2018-11-16,AMZN,11268667053.664185
2018-11-19,AMZN,11362818041.689104
2018-11-20,AMZN,11527911196.768152
2018-11-21,AMZN,11557924134.430056
2018-11-23,AMZN,11537770235.873707
2018-11-26,AMZN,11585636153.304184
2018-11-27,AMZN,11635676846.672438
2018-11-28,AMZN,11653780593.107357
2018-11-29,AMZN,11598159818.75577
2018-11-30,AMZN,11618416357.565136
2018-12-03,AMZN,11626257492.694817
2018-12-04,AMZN,11596213989.610373
2018-12-06,AMZN,11600494838.182753
2018-12-07,AMZN,11644807890.62958
2018-12-10,AMZN,11700152843.247515
2018-12-11,AMZN,11704262763.089579
2018-12-12,AMZN,11739057998.116879
2018-12-13,AMZN,11763427101.989738
2018-12-14,AMZN,11810418520.491802
2018-12-17,AMZN,11810058131.311802
2018-12-18,AMZN,11839177075.30704
2018-12-19,AMZN,11923778391.06704
2018-12-20,AMZN,12058099521.625612
2018-12-21,AMZN,12147936752.657677
2018-12-24,AMZN,12172579910.277994
2018-12-26,AMZN,12273427633.27879
2018-12-27,AMZN,12363771748.669424
2018-12-28,AMZN,12432571545.237995
2018-12-31,AMZN,12468491155.933075
2019-01-02,AMZN,12553179117.802757
2019-01-03,AMZN,12550302302.707045
2019-01-04,AMZN,12617096473.146568
2019-01-07,AMZN,12603896649.812757
2019-01-08,AMZN,12632801186.014185
2019-01-09,AMZN,12581234507.852917
2019-01-10,AMZN,12610621564.413868
2019-01-11,AMZN,12426492050.534027
2019-01-14,AMZN,12200333340.225454
2019-01-15,AMZN,12091637818.821169
2019-01-16,AMZN,12081873975.043709
2019-01-17,AMZN,12025711037.967836
2019-01-18,AMZN,12033848222.450216
2019-01-22,AMZN,12034992690.718786
2019-01-23,AMZN,12005610040.287992
2019-01-24,AMZN,11985240080.438627
2019-01-25,AMZN,11927984620.501009
2019-01-28,AMZN,11870737374.170692
2019-01-29,AMZN,11696977973.440851
2019-01-30,AMZN,11460133805.714344
2019-01-31,AMZN,11419081371.698153
2019-02-01,AMZN,11413408101.077042
2019-02-04,AMZN,11303015074.70974
2019-02-05,AMZN,11205187627.636406
2019-02-06,AMZN,11123882209.051327
2019-02-07,AMZN,11097105953.07244
2019-02-08,AMZN,11128713322.510695
2019-02-11,AMZN,10984213068.277994
2019-02-12,AMZN,10928504183.29355
2019-02-13,AMZN,10860755708.182756
2019-02-14,AMZN,10790047234.220058
2019-02-15,AMZN,10747294680.129265
2019-02-19,AMZN,10677764300.677994
2019-02-20,AMZN,10547071229.021168
2019-02-21,AMZN,10483188559.301802
2019-02-22,AMZN,10376377623.134659
2019-02-25,AMZN,10200685270.79212
2019-02-26,AMZN,10132296343.839739
2019-02-27,AMZN,10149764007.897516
2019-02-28,AMZN,10071453417.361803
2019-03-01,AMZN,10058293739.343866
2019-03-04,AMZN,9999075325.682913
2019-03-05,AMZN,9922297439.824976
2019-03-06,AMZN,9873579507.754816
2019-03-07,AMZN,9808462744.160374
2019-03-08,AMZN,9698279689.70323
2019-03-11,AMZN,9564010813.312435
2019-03-12,AMZN,9464088792.338469
2019-03-13,AMZN,9364193898.226881
2019-03-14,AMZN,9280179828.261164
2019-03-15,AMZN,9311192908.681482
2019-03-18,AMZN,9322568206.41386
2019-03-19,AMZN,9339659422.39037
2019-03-20,AMZN,9305242928.715607
2019-03-21,AMZN,9311161295.655607
2019-03-22,AMZN,9280751384.20783
2019-03-25,AMZN,9192800655.785448
2019-03-26,AMZN,9032335629.194973
2019-03-27,AMZN,8999524760.965448
2019-03-28,AMZN,8842091816.290209
2019-03-29,AMZN,8710399568.02021
2019-04-01,AMZN,8625328723.764336
2019-04-02,AMZN,8558810482.001003
2019-04-03,AMZN,8478817258.074178
2019-04-04,AMZN,8417325124.287829
2019-04-05,AMZN,8293871742.002591
2019-04-08,AMZN,8197319518.774496
2019-04-09,AMZN,8072020937.074179
2019-04-10,AMZN,7991705205.116561
2019-04-11,AMZN,7898332874.743227
2019-04-12,AMZN,7867412583.623545
2019-04-15,AMZN,7822306141.203386
2019-04-16,AMZN,7752899477.919577
2019-04-17,AMZN,7668383447.856402
2019-04-18,AMZN,7636524344.571959
2019-04-22,AMZN,7575499622.358784
2019-04-23,AMZN,7550957388.315133
2019-04-24,AMZN,7525893330.1010065
2019-04-25,AMZN,7602614687.374975
2019-04-26,AMZN,7732191186.06799
2019-04-29,AMZN,7730148056.85942
2019-04-30,AMZN,7720152724.025769
2019-05-01,AMZN,7661369696.118151
2019-05-02,AMZN,7483288154.206405
2019-05-03,AMZN,7385063000.562754
2019-05-06,AMZN,7425013466.333865
2019-05-07,AMZN,7487730042.666405
2019-05-08,AMZN,7509306596.059738
2019-05-09,AMZN,7550830137.994341
2019-05-10,AMZN,7579744549.797198
2019-05-13,AMZN,7663291167.111485
2019-05-14,AMZN,7672174824.806723
2019-05-15,AMZN,7718868644.462278
2019-05-16,AMZN,7755286608.651802
2019-05-17,AMZN,7784937025.995454
2019-05-20,AMZN,7801898080.972914
2019-05-21,AMZN,7834051907.965612
2019-05-22,AMZN,7831194666.810057
2019-05-23,AMZN,7878504876.877358
2019-05-24,AMZN,7893483145.789104
2019-05-28,AMZN,7917517622.915295
2019-05-29,AMZN,7959055018.337358
2019-05-30,AMZN,7971019141.408311
2019-05-31,AMZN,7969147330.537199
2019-06-03,AMZN,8047566448.4048195
2019-06-04,AMZN,8104576960.123866
2019-06-05,AMZN,8115715613.108787
2019-06-06,AMZN,8090516397.787675
2019-06-07,AMZN,8108134234.93339
2019-06-10,AMZN,8163968291.697992
2019-06-11,AMZN,8187570707.6345005
2019-06-12,AMZN,8171115819.523231
2019-06-13,AMZN,8175248474.111166
2019-06-14,AMZN,8054628254.635135
2019-06-17,AMZN,7983361820.46942
2019-06-18,AMZN,7922957428.239421
2019-06-19,AMZN,7831934812.020691
2019-06-20,AMZN,7763331452.383389
2019-06-21,AMZN,7704427361.905454
2019-06-24,AMZN,7630044835.84704
2019-06-25,AMZN,7582083548.40085
2019-06-26,AMZN,7534433213.950056
2019-06-27,AMZN,7513512482.037675
2019-06-28,AMZN,7510943118.462913
2019-07-01,AMZN,7486618357.812913
2019-07-02,AMZN,7468739350.209579
2019-07-03,AMZN,7405723792.32069
2019-07-05,AMZN,7382158050.305928
2019-07-08,AMZN,7365343591.979578
2019-07-09,AMZN,7392301066.283388
2019-07-10,AMZN,7441994448.2627535
2019-07-11,AMZN,7492228031.87434
2019-07-12,AMZN,7494616631.557833
2019-07-15,AMZN,7499143843.713229
2019-07-16,AMZN,7473607969.1130705
2019-07-17,AMZN,7464480654.407516
2019-07-18,AMZN,7488848458.516404
2019-07-19,AMZN,7506924183.36815
2019-07-22,AMZN,7497511687.427833
2019-07-23,AMZN,7441399348.421959
2019-07-24,AMZN,7414007520.425927
2019-07-25,AMZN,7359445846.993706
2019-07-26,AMZN,7250316876.223229
2019-07-29,AMZN,7262984810.919261
2019-07-30,AMZN,7243492994.871642
2019-07-31,AMZN,7281393387.312594
2019-08-01,AMZN,7300630086.903388
2019-08-02,AMZN,7245278080.261483
2019-08-05,AMZN,7247274302.2457695
2019-08-06,AMZN,7211191126.787674
2019-08-07,AMZN,7215901577.775611
2019-08-08,AMZN,7163504114.657674
2019-08-09,AMZN,7074591739.363706
2019-08-12,AMZN,6989588179.861484
2019-08-13,AMZN,6972383599.517038
2019-08-14,AMZN,6969949795.751006
2019-08-15,AMZN,6934813681.929102
2019-08-16,AMZN,6881197808.195768
2019-08-19,AMZN,6850424356.581483
2019-08-20,AMZN,6787601754.912594
2019-08-21,AMZN,6759942725.548467
2019-08-22,AMZN,6708638293.018308
2019-08-23,AMZN,6757693190.023387
2019-08-26,AMZN,6751042686.268625
2019-08-27,AMZN,6712140012.754339
2019-08-28,AMZN,6689237443.440847
2019-08-29,AMZN,6644676325.892752
2019-08-30,AMZN,6486605240.656402
2019-09-03,AMZN,6431461265.986561
2019-09-04,AMZN,6380950022.404973
2019-09-05,AMZN,6375369556.851957
2019-09-06,AMZN,6306656241.857831
2019-09-09,AMZN,6235222988.537831
2019-09-10,AMZN,6191164712.437037
2019-09-11,AMZN,6182684417.53434
2019-09-12,AMZN,6182307738.165292
2019-09-13,AMZN,6155247234.745769
2019-09-16,AMZN,6181853886.587991
2019-09-17,AMZN,6123094037.5489435
2019-09-18,AMZN,6108530402.142436
2019-09-19,AMZN,6070666536.895292
2019-09-20,AMZN,6109552573.267356
2019-09-23,AMZN,6129154729.513388
2019-09-24,AMZN,6167558122.543864
2019-09-25,AMZN,6193110764.941325
2019-09-26,AMZN,6227018518.93815
2019-09-27,AMZN,6243851763.517674
2019-09-30,AMZN,6222185147.786722
2019-10-01,AMZN,6228127603.823388
2019-10-02,AMZN,6266891050.9897375
2019-10-03,AMZN,6285038239.166404
2019-10-04,AMZN,6264422490.94942
2019-10-07,AMZN,6187435383.287197
2019-10-08,AMZN,6100616867.01069
2019-10-09,AMZN,6020579755.3762455
2019-10-10,AMZN,6014794749.837516
2019-10-11,AAPL,6081359802.443805
2019-10-14,AAPL,6118013666.349328
2019-10-15,AAPL,6158540090.428059
2019-10-16,AAPL,6169629833.521837
2019-10-17,AAPL,6166833913.560185
2019-10-18,AAPL,6184548096.930725
2019-10-21,AAPL,6206969593.750344
2019-10-22,AAPL,6243715507.674217
2019-10-23,AAPL,6274947869.068821
2019-10-24,AAPL,6286120829.515488
2019-10-25,AAPL,6285883127.962471
2019-10-28,AAPL,6268864449.446471
2019-10-29,AAPL,6172484782.387042
2019-10-30,AAPL,6113972834.187296
2019-10-31,AAPL,6119017272.6755495
2019-11-01,AAPL,6111645276.44412
2019-11-04,AAPL,6105147492.33301
2019-11-05,AAPL,6081260735.025962
2019-11-06,AAPL,6071486837.483486
2019-11-07,AAPL,6090681568.671169
2019-11-08,AAPL,6091484941.093075
2019-11-11,AAPL,6019147825.997074
2019-11-12,AAPL,5992370558.692694
2019-11-13,AAPL,6011463269.871678
2019-11-14,AAPL,6010383197.996122
2019-11-15,AAPL,6034663963.388821
2019-11-18,AAPL,6036783288.281837
2019-11-19,AAPL,6044601594.984122
2019-11-20,AAPL,6080671286.048121
2019-11-21,AAPL,6056088481.614852
2019-11-22,AAPL,6038513096.093899
2019-11-25,AAPL,6043504727.066661
2019-11-26,AAPL,6101922101.881265
2019-11-27,AAPL,6101891809.615613
2019-11-29,AAPL,6081212108.620947
2019-12-02,AAPL,6115063438.719359
2019-12-03,AAPL,6172237173.416249
2019-12-04,AAPL,6161007621.155931
2019-12-05,AAPL,6174573415.232757
2019-12-06,AAPL,6195808636.5292015
2019-12-09,AAPL,6222854889.794282
2019-12-10,AAPL,6162117297.0864725
2019-12-11,AAPL,6132771406.722854
2019-12-12,AAPL,6143088532.035997
2019-12-13,AAPL,6215251936.788188
2019-12-16,AAPL,6293352326.59295
2019-12-17,AAPL,6329867144.925965
2019-12-18,AAPL,6380926396.678663
2019-12-19,AAPL,6290018475.670854
2019-12-20,AAPL,6528796956.517838
2019-12-23,AAPL,6531430063.874028
2019-12-24,AAPL,6507243161.352758
2019-12-26,AAPL,6547997399.743107
2019-12-27,AAPL,6628236708.77644
2019-12-30,AAPL,6701531602.045265
2019-12-31,AAPL,6690207273.053266
2020-01-02,AAPL,6727570726.758155
2020-01-03,AAPL,6794135924.833964
2020-01-06,AAPL,6808437651.554217
2020-01-07,AAPL,6829146227.760567
2020-01-08,AAPL,6884094479.440694
2020-01-09,AAPL,7020809522.154917
2020-01-10,AAPL,7088504040.737266
2020-01-13,AAPL,7082144018.194408
2020-01-14,AAPL,7192510139.41206
2020-01-15,AAPL,7257082065.480632
2020-01-16,AAPL,7321471806.826536
2020-01-17,AAPL,7431275972.119933
2020-01-21,AAPL,7477138118.227362
2020-01-22,AAPL,7522252194.091869
2020-01-23,AAPL,7568195785.542916
2020-01-24,AAPL,7676353983.534346
2020-01-27,AAPL,7805619379.277837
2020-01-28,AAPL,7938245463.288757
2020-01-29,AAPL,8121579831.383805
2020-01-30,AAPL,8146569734.334282
2020-01-31,AAPL,8271502109.04933
2020-02-03,AAPL,8347234003.9296465
2020-02-04,AAPL,8366676751.077076
2020-02-05,AAPL,8412725043.89714
2020-02-06,AAPL,8467253977.030854
2020-02-07,AAPL,8539265118.151108
2020-02-10,AAPL,8581053945.211805
2020-02-11,AAPL,8628338368.831806
2020-02-12,AAPL,8690657132.892124
2020-02-13,TSLA,8796355863.021147
2020-02-14,TSLA,8949127728.868765
2020-02-18,TSLA,9140762498.814001
2020-02-19,TSLA,9484075035.586224
2020-02-20,TSLA,9711345931.589083
2020-02-21,TSLA,9872275551.961145
2020-02-24,TSLA,10035692003.317812
2020-02-25,TSLA,10220816015.126064
2020-02-26,TSLA,10306600369.359715
2020-02-27,TSLA,10502343496.977175
2020-02-28,TSLA,10721258647.047174
2020-03-02,TSLA,10930374216.496542
2020-03-03,TSLA,11222576160.056383
2020-03-04,TSLA,11369283042.749718
2020-03-05,TSLA,11458802621.663687
2020-03-06,TSLA,11570935487.568289
2020-03-09,TSLA,11712329843.994957
2020-03-10,TSLA,11831447894.030828
2020-03-11,TSLA,11917362185.03543
2020-03-12,TSLA,12036659654.745907
2020-03-13,AAPL,12321893764.740955
2020-03-16,AAPL,12478477579.34902
2020-03-17,AAPL,12655537279.154926
2020-03-18,AAPL,12806906943.375689
2020-03-19,AAPL,12943784620.679243
2020-03-20,AAPL,13180319253.94369
2020-03-23,AAPL,13370691300.077595
2020-03-24,AAPL,13346181923.796959
2020-03-25,AAPL,13523981465.419815
2020-03-26,AAPL,13728310011.721529
2020-03-27,AAPL,13821696489.444895
2020-03-30,AAPL,13823219827.611876
2020-03-31,AAPL,13854299761.48413
2020-04-01,AAPL,13903346220.634796
2020-04-02,AAPL,13902309206.779621
2020-04-03,AAPL,13853776417.297716
2020-04-06,AAPL,13922917485.806793
2020-04-07,AAPL,13998979487.228064
2020-04-08,AAPL,14013759818.00889
2020-04-09,AAPL,13979954326.303938
2020-04-13,AAPL,13948552158.399115
2020-04-14,AAPL,14019591741.424892
2020-04-15,AAPL,13965855484.316193
2020-04-16,AAPL,13993975431.389845
2020-04-17,AAPL,14099393749.285719
2020-04-20,AAPL,14065690659.033148
2020-04-21,AAPL,14121587892.589401
2020-04-22,AAPL,14118582318.889402
2020-04-23,AAPL,14120943249.751625
2020-04-24,AAPL,14077902685.645529
2020-04-27,AAPL,14010639397.67442
2020-04-28,AAPL,13926651449.633657
2020-04-29,AAPL,13804620232.011562
2020-04-30,AAPL,13855158254.07226
2020-05-01,TSLA,13960592542.053997
2020-05-04,AAPL,13828312097.774357
2020-05-05,AAPL,13829916801.679625
2020-05-06,AAPL,13848142400.273277
2020-05-07,AAPL,13850960622.880896
2020-05-08,AAPL,13866475817.416513
2020-05-11,AAPL,13908434971.166101
2020-05-12,AAPL,13985127647.743814
2020-05-13,AAPL,14082383903.957657
2020-05-14,AAPL,14155455627.266165
2020-05-15,AAPL,14252495166.2308
2020-05-18,AAPL,14228311782.02445
2020-05-19,AAPL,14234028042.841593
2020-05-20,AAPL,14247459168.876198
2020-05-21,AAPL,14215445475.720514
2020-05-22,AAPL,14056047864.744514
2020-05-26,AAPL,13950112811.652578
2020-05-27,AAPL,13861922400.849403
2020-05-28,AAPL,13682910308.735691
2020-05-29,AAPL,13413631447.962357
2020-06-01,AAPL,13112291668.47169
2020-06-02,AAPL,12857157471.986927
2020-06-03,AAPL,12728387485.525976
2020-06-04,AAPL,12619640646.971691
2020-06-05,AAPL,12540779377.005217
2020-06-08,AAPL,12368604912.059946
2020-06-09,AAPL,12247204912.416643
2020-06-10,AAPL,12204184977.580198
2020-06-11,AAPL,12056256990.193277
2020-06-12,AMZN,11946653044.647673
2020-06-15,AMZN,11868073275.752436
2020-06-16,AAPL,11707027480.158484
2020-06-17,AAPL,11572765283.188326
2020-06-18,AAPL,11440486741.197151
2020-06-19,AAPL,11442106932.56858
2020-06-22,AAPL,11333157753.826866
2020-06-23,AAPL,11360043651.899755
2020-06-24,AAPL,11343875166.83404
2020-06-25,AAPL,11282079393.220707
2020-06-26,AAPL,11369349011.368137
2020-06-29,AAPL,11385899644.714487
2020-06-30,AAPL,11389456498.275883
2020-07-01,TSLA,11457631366.844313
2020-07-02,TSLA,11660076490.832565
2020-07-06,TSLA,11915100472.188755
2020-07-07,TSLA,12268500873.47796
2020-07-08,TSLA,12463278165.676056
2020-07-09,TSLA,12610395313.74336
2020-07-10,TSLA,13062098081.782248
2020-07-13,TSLA,13737179297.923677
2020-07-14,TSLA,13944444877.069866
2020-07-15,TSLA,14062455108.27828
2020-07-16,TSLA,14153922556.703993
2020-07-17,TSLA,14219153482.468277
2020-07-20,TSLA,14481041473.169865
2020-07-21,TSLA,14663897479.755896
2020-07-22,TSLA,14790874551.82431
2020-07-23,TSLA,15228388552.904629
2020-07-24,TSLA,15512289354.971294
2020-07-27,TSLA,15639755064.978436
2020-07-28,TSLA,15823197319.430183
2020-07-29,TSLA,15838490098.795422
2020-07-30,TSLA,15662416400.719707
2020-07-31,TSLA,15578404553.169867
2020-08-03,TSLA,15552709944.8032
2020-08-04,TSLA,15545646902.367645
2020-08-05,TSLA,15523716988.908915
2020-08-06,TSLA,15522668947.815266
2020-08-07,TSLA,15518011843.190819
2020-08-10,TSLA,15476534404.02304
2020-08-11,TSLA,15435009146.26447
2020-08-12,TSLA,15730693491.832724
2020-08-13,TSLA,16071587681.784468
2020-08-14,TSLA,16268828446.965897
2020-08-17,TSLA,16701166286.589706
2020-08-18,TSLA,17067854905.050182
2020-08-19,TSLA,17334367167.700024
2020-08-20,TSLA,17822670852.85685
2020-08-21,TSLA,18392426370.012722
2020-08-24,TSLA,18923977807.775894
2020-08-25,TSLA,19111580556.66796
2020-08-26,TSLA,19497548803.680977
2020-08-27,TSLA,20175518819.47463
2020-08-28,TSLA,20665988180.152405
2020-08-31,TSLA,21394345968.49399
2020-09-01,TSLA,21956308045.14542
2020-09-02,TSLA,22505618696.93939
2020-09-03,TSLA,22939899514.015263
2020-09-04,TSLA,23462089335.06288
2020-09-08,TSLA,23868357762.934948
2020-09-09,TSLA,24024975068.01606
2020-09-10,TSLA,24283278707.503677
2020-09-11,TSLA,24393630499.30939
2020-09-14,TSLA,24687946917.07352
2020-09-15,TSLA,25155357222.276215
2020-09-16,TSLA,25504526466.96193
2020-09-17,TSLA,25861392530.90939
2020-09-18,TSLA,26323142802.85145
2020-09-21,TSLA,26967401110.996845
2020-09-22,TSLA,27333260395.401134
2020-09-23,TSLA,27724349843.131134
2020-09-24,TSLA,28175473277.61415
2020-09-25,TSLA,28475128583.727486
2020-09-28,TSLA,28661421658.370342
2020-09-29,TSLA,28705317442.407486
2020-09-30,TSLA,28796389068.90622
2020-10-01,TSLA,28823549094.498283
2020-10-02,TSLA,28867253160.387966
2020-10-05,TSLA,28691491746.231457
2020-10-06,TSLA,28659760908.12225
2020-10-07,TSLA,28688758742.54034
2020-10-08,TSLA,28386056484.211292
2020-10-09,TSLA,27678012718.9278
2020-10-12,TSLA,27394349036.673832
2020-10-13,TSLA,27245004659.61018
2020-10-14,TSLA,27258104331.219067
2020-10-15,TSLA,27286054237.02923
2020-10-16,TSLA,27079338498.345573
2020-10-19,TSLA,26920677142.504463
2020-10-20,TSLA,26842720908.524624
2020-10-21,TSLA,26475583163.91764
2020-10-22,TSLA,26306909128.41018
2020-10-23,TSLA,26148685266.476845
2020-10-26,TSLA,25967776644.01431
2020-10-27,TSLA,25898273600.846848
2020-10-28,TSLA,25882846559.848278
2020-10-29,TSLA,25752450047.087
2020-10-30,TSLA,25808027622.12764
2020-11-02,TSLA,25793903143.400337
2020-11-03,TSLA,25908799308.803825
2020-11-04,TSLA,25981903349.07875
2020-11-05,TSLA,25970295758.064625
2020-11-06,TSLA,25949051991.03002
2020-11-09,TSLA,26022888629.62526
2020-11-10,TSLA,25683198206.47161
2020-11-11,TSLA,25282766151.310658
2020-11-12,TSLA,25083539279.470345
2020-11-13,TSLA,24628705751.802723
2020-11-16,TSLA,24312273838.357006
2020-11-17,TSLA,24380050587.06669
2020-11-18,TSLA,24326656740.89526
2020-11-19,TSLA,24122512293.88891
2020-11-20,TSLA,23739987987.049545
2020-11-23,TSLA,23807237584.267006
2020-11-24,TSLA,23787134556.159386
2020-11-25,TSLA,23392028487.492718
2020-11-27,TSLA,23035744393.697166
2020-11-30,TSLA,22687040350.979706
2020-12-01,TSLA,22377739622.766373
2020-12-02,TSLA,22138323253.528595
2020-12-03,TSLA,21995007597.245102
2020-12-04,TSLA,21542034775.10796
2020-12-07,TSLA,21539334982.54796
2020-12-08,TSLA,21748322306.610817
2020-12-09,TSLA,21931750347.189865
2020-12-10,TSLA,22240245925.495102
2020-12-11,TSLA,22149023725.350975
2020-12-14,TSLA,21992326120.82383
2020-12-15,TSLA,21942017546.054783
2020-12-16,TSLA,21847071236.89796
2020-12-17,TSLA,21833257896.31304
2020-12-18,TSLA,23539961513.956852
2020-12-21,TSLA,23671637056.22971
2020-12-22,TSLA,23641714744.139553
2020-12-23,TSLA,23378250298.45876
2020-12-24,TSLA,23183761168.315903
2020-12-28,TSLA,23194469549.879234
2020-12-29,TSLA,23099926280.160187
2020-12-30,TSLA,23247796518.982407
2020-12-31,TSLA,23450837516.30685
2021-01-04,TSLA,23543612152.96209
2021-01-05,TSLA,23596996358.621452
2021-01-06,TSLA,23816567848.20082
2021-01-07,TSLA,24179812690.26971
2021-01-08,TSLA,24958521640.489395
2021-01-11,TSLA,25526077084.77098
2021-01-12,TSLA,25877967605.93543
2021-01-13,TSLA,26079546206.16019
2021-01-14,TSLA,26149988625.39511
2021-01-15,TSLA,26408224494.12908
2021-01-19,TSLA,26515348829.35797
2021-01-20,TSLA,26607532524.5494
2021-01-21,TSLA,26671789061.422577
2021-01-22,TSLA,26724297750.04226
2021-01-25,TSLA,27027930712.01321
2021-01-26,TSLA,27127056330.995277
2021-01-27,TSLA,27314701355.610516
2021-01-28,TSLA,27509761154.317497
2021-01-29,TSLA,27788637128.567974
